<TICKER>,<PER>,<DATE>,<TIME>,<OPEN>,<HIGH>,<LOW>,<CLOSE>,<VOL>
SBER,1,20201201,100100,250.7100000,250.8700000,249.9900000,250.4500000,873010
SBER,1,20201201,100200,250.4500000,250.6500000,250.3000000,250.4000000,219850
SBER,1,20201201,100300,250.4600000,250.5000000,250.2700000,250.3300000,149630
SBER,1,20201201,100400,250.3400000,250.4200000,250.2700000,250.3100000,54970
SBER,1,20201201,100500,250.3200000,250.7000000,250.3200000,250.6000000,311690
SBER,1,20201201,100600,250.6800000,250.7500000,250.5300000,250.7500000,165360
SBER,1,20201201,100700,250.7300000,250.9800000,250.7000000,250.9800000,229060
SBER,1,20201201,100800,250.9800000,250.9800000,250.2700000,250.2700000,299180
SBER,1,20201201,100900,250.2700000,250.6300000,250.2700000,250.5400000,191390
SBER,1,20201201,101000,250.5400000,250.6000000,250.2700000,250.3100000,77050
SBER,1,20201201,101100,250.3400000,250.3600000,250.0000000,250.2000000,335420
SBER,1,20201201,101200,250.2000000,250.2800000,249.8100000,250.0400000,264160
SBER,1,20201201,101300,250.0800000,250.1900000,249.9200000,250.1000000,201940
SBER,1,20201201,101400,250.1000000,250.1600000,249.8000000,249.9300000,211740
SBER,1,20201201,101500,249.8600000,250.0300000,249.8400000,249.9000000,60170
SBER,1,20201201,101600,249.9000000,250.1200000,249.9000000,250.1000000,50150
SBER,1,20201201,101700,250.0900000,250.1500000,249.9500000,250.0800000,97240
SBER,1,20201201,101800,250.0800000,250.0800000,249.8000000,250.0300000,211380
SBER,1,20201201,101900,250.0400000,250.1800000,249.9800000,250.1000000,151130
SBER,1,20201201,102000,250.0900000,250.1700000,250.0000000,250.0800000,166680
SBER,1,20201201,102100,250.1000000,250.1700000,250.0500000,250.0700000,259220
SBER,1,20201201,102200,250.0700000,250.1700000,249.9000000,250.0300000,162280
SBER,1,20201201,102300,250.0900000,250.1700000,250.0800000,250.1100000,178830
SBER,1,20201201,102400,250.1000000,250.5000000,250.0900000,250.4200000,297120
SBER,1,20201201,102500,250.3600000,250.4700000,250.2800000,250.3500000,42650
SBER,1,20201201,102600,250.3400000,250.3600000,250.2100000,250.3200000,12320
SBER,1,20201201,102700,250.3400000,250.4000000,250.2800000,250.4000000,57110
SBER,1,20201201,102800,250.4000000,250.5000000,250.3900000,250.4300000,38620
SBER,1,20201201,102900,250.4000000,250.4800000,250.3400000,250.4800000,30690
SBER,1,20201201,103000,250.4800000,250.6000000,250.4800000,250.6000000,54390
SBER,1,20201201,103100,250.6000000,250.7400000,250.5900000,250.6200000,92670
SBER,1,20201201,103200,250.6300000,250.6400000,250.4200000,250.4200000,36170
SBER,1,20201201,103300,250.4100000,250.4300000,250.2900000,250.3000000,58340
SBER,1,20201201,103400,250.2900000,250.4300000,250.2900000,250.3700000,34610
SBER,1,20201201,103500,250.3700000,250.3900000,250.3300000,250.3500000,17440
SBER,1,20201201,103600,250.3300000,250.4400000,250.3300000,250.3900000,37310
SBER,1,20201201,103700,250.3800000,250.3800000,250.2500000,250.3100000,35420
SBER,1,20201201,103800,250.3400000,250.3900000,250.1200000,250.2100000,88790
SBER,1,20201201,103900,250.1800000,250.2000000,250.0600000,250.1400000,38890
SBER,1,20201201,104000,250.1300000,250.3700000,250.1300000,250.1900000,40730
SBER,1,20201201,104100,250.1900000,250.3300000,250.1700000,250.3300000,15650
SBER,1,20201201,104200,250.3300000,250.5700000,250.3300000,250.5300000,94360
SBER,1,20201201,104300,250.5200000,250.5400000,250.4500000,250.5300000,31960
SBER,1,20201201,104400,250.5000000,250.5400000,250.4200000,250.5400000,19760
SBER,1,20201201,104500,250.5300000,250.5600000,250.5000000,250.5600000,25270
SBER,1,20201201,104600,250.5600000,250.6200000,250.4500000,250.6200000,55580
SBER,1,20201201,104700,250.6200000,250.6500000,250.5800000,250.6000000,42220
SBER,1,20201201,104800,250.5800000,251.3200000,250.5400000,251.0800000,820760
SBER,1,20201201,104900,251.0800000,251.1900000,251.0100000,251.1000000,75120
SBER,1,20201201,105000,251.0900000,251.3400000,251.0500000,251.0500000,216530
SBER,1,20201201,105100,251.0600000,251.2200000,251.0600000,251.1600000,105480
SBER,1,20201201,105200,251.2000000,251.4800000,251.1200000,251.4000000,292670
SBER,1,20201201,105300,251.4100000,251.5000000,251.3100000,251.3600000,227210
SBER,1,20201201,105400,251.3600000,251.3700000,251.1200000,251.2000000,139480
SBER,1,20201201,105500,251.1600000,251.3400000,251.1200000,251.3000000,176860
SBER,1,20201201,105600,251.2700000,251.4900000,251.2700000,251.4600000,111680
SBER,1,20201201,105700,251.4600000,251.7800000,251.4600000,251.7500000,398730
SBER,1,20201201,105800,251.7400000,251.7800000,251.5500000,251.7000000,287180
SBER,1,20201201,105900,251.7000000,251.7100000,251.5900000,251.6800000,135110
SBER,1,20201201,110000,251.7000000,252.5000000,251.5000000,252.5000000,1312630
SBER,1,20201201,110100,252.5000000,253.8500000,252.4000000,253.6700000,2926950
SBER,1,20201201,110200,253.7900000,253.9500000,252.9100000,252.9800000,2142630
SBER,1,20201201,110300,253.0000000,253.7800000,252.8300000,253.5100000,876630
SBER,1,20201201,110400,253.5100000,253.9400000,253.3000000,253.7000000,642130
SBER,1,20201201,110500,253.7600000,253.9500000,253.3000000,253.8600000,1070970
SBER,1,20201201,110600,253.8600000,254.2500000,253.3100000,253.5400000,1118020
SBER,1,20201201,110700,253.5500000,253.5500000,253.2500000,253.2500000,441100
SBER,1,20201201,110800,253.2800000,253.4500000,252.8100000,253.0800000,620400
SBER,1,20201201,110900,253.0300000,253.2400000,253.0100000,253.1700000,157340
SBER,1,20201201,111000,253.1700000,253.4300000,252.9000000,252.9900000,295890
SBER,1,20201201,111100,252.9900000,253.3700000,252.8500000,253.2300000,140330
SBER,1,20201201,111200,253.1700000,253.3200000,253.0700000,253.2000000,139020
SBER,1,20201201,111300,253.2700000,253.3700000,253.1100000,253.3600000,96090
SBER,1,20201201,111400,253.3700000,253.3700000,253.0000000,253.0000000,88430
SBER,1,20201201,111500,253.0000000,253.0000000,252.6300000,252.8000000,259730
SBER,1,20201201,111600,252.8000000,253.1300000,252.7800000,253.0000000,206220
SBER,1,20201201,111700,253.0000000,253.4500000,253.0000000,253.4000000,155240
SBER,1,20201201,111800,253.4000000,253.7700000,253.3000000,253.6100000,323410
SBER,1,20201201,111900,253.5900000,253.7800000,253.5100000,253.6000000,165880
SBER,1,20201201,112000,253.6400000,253.9900000,253.6400000,253.8500000,282400
SBER,1,20201201,112100,253.8600000,254.4200000,253.8600000,253.9000000,713770
SBER,1,20201201,112200,253.9400000,254.0800000,253.6900000,253.8400000,300260
SBER,1,20201201,112300,253.8600000,253.9800000,253.7000000,253.8300000,128170
SBER,1,20201201,112400,253.8600000,253.9900000,253.7000000,253.7000000,131580
SBER,1,20201201,112500,253.7500000,254.4400000,253.7100000,254.3600000,668850
SBER,1,20201201,112600,254.3600000,254.7500000,254.1600000,254.4200000,864160
SBER,1,20201201,112700,254.4400000,254.5000000,254.3000000,254.3500000,234600
SBER,1,20201201,112800,254.3500000,254.4500000,254.1400000,254.1700000,470570
SBER,1,20201201,112900,254.1700000,254.5300000,254.1600000,254.3500000,219780
SBER,1,20201201,113000,254.3100000,254.4100000,254.1600000,254.2400000,75130
SBER,1,20201201,113100,254.2200000,254.8700000,254.2200000,254.8700000,671980
SBER,1,20201201,113200,254.8600000,255.1400000,254.6300000,255.0100000,1919760
SBER,1,20201201,113300,255.0000000,255.4500000,254.8300000,254.9000000,943730
SBER,1,20201201,113400,254.9000000,254.9700000,254.7000000,254.7000000,176610
SBER,1,20201201,113500,254.7800000,254.8500000,254.2900000,254.4500000,245920
SBER,1,20201201,113600,254.4500000,254.6500000,254.4400000,254.4600000,78820
SBER,1,20201201,113700,254.4600000,254.5000000,254.1400000,254.1600000,168710
SBER,1,20201201,113800,254.1600000,254.2500000,253.7600000,253.8700000,753030
SBER,1,20201201,113900,253.8800000,254.5000000,253.8600000,253.9000000,417700
SBER,1,20201201,114000,253.9000000,254.1000000,253.8500000,253.8700000,151760
SBER,1,20201201,114100,253.8800000,253.8800000,253.5400000,253.6800000,179440
SBER,1,20201201,114200,253.6800000,254.0400000,253.5700000,253.7700000,227400
SBER,1,20201201,114300,253.7700000,253.8100000,253.6500000,253.7000000,98220
SBER,1,20201201,114400,253.7000000,253.9600000,253.6600000,253.8800000,62410
SBER,1,20201201,114500,253.8800000,254.0400000,253.8700000,253.9200000,217780
SBER,1,20201201,114600,253.9100000,254.2400000,253.9000000,254.1100000,162210
SBER,1,20201201,114700,254.1200000,254.2000000,253.9000000,254.0600000,94580
SBER,1,20201201,114800,254.0400000,254.1200000,253.9400000,253.9700000,109240
SBER,1,20201201,114900,253.9900000,254.0500000,253.9200000,253.9700000,62850
SBER,1,20201201,115000,253.9800000,253.9800000,253.8100000,253.8700000,138130
SBER,1,20201201,115100,253.9000000,254.2000000,253.8700000,254.1200000,397290
SBER,1,20201201,115200,254.1300000,254.1400000,253.8100000,253.8100000,136080
SBER,1,20201201,115300,253.8100000,253.9800000,253.7900000,253.8800000,75780
SBER,1,20201201,115400,253.9000000,253.9700000,253.6700000,253.7200000,61300
SBER,1,20201201,115500,253.7200000,253.8700000,253.5600000,253.5800000,134200
SBER,1,20201201,115600,253.6000000,253.9600000,253.6000000,253.8500000,135340
SBER,1,20201201,115700,253.8100000,253.8800000,253.7800000,253.8400000,16810
SBER,1,20201201,115800,253.8800000,253.9200000,253.8000000,253.9100000,29670
SBER,1,20201201,115900,253.8700000,253.9700000,253.8300000,253.8300000,56420
SBER,1,20201201,120000,253.8400000,253.9100000,253.7100000,253.8800000,39920
SBER,1,20201201,120100,253.8800000,254.1500000,253.8400000,253.9800000,250020
SBER,1,20201201,120200,254.0200000,254.0900000,253.8600000,253.9100000,64940
SBER,1,20201201,120300,253.9100000,253.9400000,253.8000000,253.9000000,27080
SBER,1,20201201,120400,253.9200000,254.2000000,253.8800000,254.1400000,72900
SBER,1,20201201,120500,254.1900000,254.4000000,254.1700000,254.2800000,273180
SBER,1,20201201,120600,254.2400000,254.4600000,254.2100000,254.4000000,125960
SBER,1,20201201,120700,254.4000000,254.5200000,254.2800000,254.4000000,189440
SBER,1,20201201,120800,254.4300000,254.5200000,254.2600000,254.4100000,152740
SBER,1,20201201,120900,254.4300000,254.4500000,254.2600000,254.4500000,85680
SBER,1,20201201,121000,254.4400000,254.6700000,254.4100000,254.5200000,231930
SBER,1,20201201,121100,254.5200000,254.6000000,254.4500000,254.5100000,105330
SBER,1,20201201,121200,254.5000000,254.6800000,254.4900000,254.5900000,77220
SBER,1,20201201,121300,254.5900000,254.7000000,254.4900000,254.5400000,170720
SBER,1,20201201,121400,254.5900000,254.6400000,254.5400000,254.5400000,32500
SBER,1,20201201,121500,254.5400000,254.5900000,254.4000000,254.4600000,68320
SBER,1,20201201,121600,254.4600000,254.5400000,254.2600000,254.2800000,210960
SBER,1,20201201,121700,254.2500000,254.4600000,254.2500000,254.3500000,68680
SBER,1,20201201,121800,254.3400000,254.3700000,254.0500000,254.1900000,122760
SBER,1,20201201,121900,254.1700000,254.2300000,254.0700000,254.0700000,74720
SBER,1,20201201,122000,254.1000000,254.2000000,254.0900000,254.1500000,21510
SBER,1,20201201,122100,254.1500000,254.2700000,254.1500000,254.2500000,59530
SBER,1,20201201,122200,254.2300000,254.4000000,254.1800000,254.3200000,57240
SBER,1,20201201,122300,254.3700000,254.4800000,254.3200000,254.4500000,64750
SBER,1,20201201,122400,254.4700000,254.5300000,254.4100000,254.5300000,39580
SBER,1,20201201,122500,254.5300000,254.6800000,254.5300000,254.6300000,72900
SBER,1,20201201,122600,254.6100000,254.7900000,254.5300000,254.7100000,344870
SBER,1,20201201,122700,254.7600000,254.8200000,254.5300000,254.6700000,245310
SBER,1,20201201,122800,254.6700000,254.8900000,254.6300000,254.7900000,86430
SBER,1,20201201,122900,254.8300000,254.8900000,254.7300000,254.8200000,115010
SBER,1,20201201,123000,254.8300000,254.9100000,254.8000000,254.8000000,224130
SBER,1,20201201,123100,254.8400000,254.8800000,254.5200000,254.5200000,303840
SBER,1,20201201,123200,254.5400000,254.8100000,254.5300000,254.6600000,193740
SBER,1,20201201,123300,254.6900000,254.7200000,254.5600000,254.5800000,40090
SBER,1,20201201,123400,254.6000000,254.6600000,254.3600000,254.3800000,64570
SBER,1,20201201,123500,254.3600000,254.5300000,254.3200000,254.3200000,79130
SBER,1,20201201,123600,254.3600000,254.4300000,254.2600000,254.2600000,74200
SBER,1,20201201,123700,254.2600000,254.3000000,253.9700000,254.1300000,474090
SBER,1,20201201,123800,254.1700000,254.3000000,254.1000000,254.1200000,29820
SBER,1,20201201,123900,254.1500000,254.2900000,254.1500000,254.2200000,32410
SBER,1,20201201,124000,254.2200000,254.3000000,253.9400000,254.1400000,276430
SBER,1,20201201,124100,254.1500000,254.2900000,254.0800000,254.2300000,87410
SBER,1,20201201,124200,254.2900000,254.3000000,253.9600000,253.9600000,148390
SBER,1,20201201,124300,254.0200000,254.2000000,253.9900000,254.1500000,57060
SBER,1,20201201,124400,254.1900000,254.2300000,254.1600000,254.1800000,17330
SBER,1,20201201,124500,254.2000000,254.2200000,254.1000000,254.1000000,23950
SBER,1,20201201,124600,254.1000000,254.2000000,253.9900000,254.0400000,87350
SBER,1,20201201,124700,254.0200000,254.0300000,253.9300000,254.0000000,39550
SBER,1,20201201,124800,254.0000000,254.0500000,253.7800000,253.9400000,344750
SBER,1,20201201,124900,253.9600000,253.9800000,253.7700000,253.9400000,50550
SBER,1,20201201,125000,253.9400000,254.0000000,253.8900000,253.9300000,37630
SBER,1,20201201,125100,253.9700000,254.1000000,253.8900000,253.9100000,58760
SBER,1,20201201,125200,253.9400000,254.0500000,253.9000000,254.0000000,42050
SBER,1,20201201,125300,253.9900000,254.1900000,253.9300000,254.0800000,74910
SBER,1,20201201,125400,254.1000000,254.4000000,254.0800000,254.3500000,161510
SBER,1,20201201,125500,254.2900000,254.3800000,254.1600000,254.2000000,51900
SBER,1,20201201,125600,254.1600000,254.2400000,254.1200000,254.1200000,36330
SBER,1,20201201,125700,254.1200000,254.1200000,254.0000000,254.0000000,54540
SBER,1,20201201,125800,254.0000000,254.0700000,253.9300000,253.9700000,39770
SBER,1,20201201,125900,253.9700000,253.9900000,253.8700000,253.9400000,15120
SBER,1,20201201,130000,253.9300000,253.9300000,253.8000000,253.8000000,60650
SBER,1,20201201,130100,253.7900000,253.9400000,253.7600000,253.9400000,16430
SBER,1,20201201,130200,253.9400000,253.9400000,253.7900000,253.8700000,66700
SBER,1,20201201,130300,253.8900000,254.0500000,253.8300000,253.9600000,48890
SBER,1,20201201,130400,253.9600000,254.0000000,253.8900000,253.9400000,24120
SBER,1,20201201,130500,253.9500000,254.1100000,253.9100000,253.9900000,37560
SBER,1,20201201,130600,253.9800000,253.9800000,253.8700000,253.9300000,13290
SBER,1,20201201,130700,253.9500000,254.1100000,253.9500000,254.0800000,21220
SBER,1,20201201,130800,254.0800000,254.1700000,254.0800000,254.1300000,16760
SBER,1,20201201,130900,254.1200000,254.2000000,254.1200000,254.1700000,13890
SBER,1,20201201,131000,254.1700000,254.3500000,254.1400000,254.1400000,85100
SBER,1,20201201,131100,254.1400000,254.1400000,254.0000000,254.0300000,92070
SBER,1,20201201,131200,254.0100000,254.2400000,254.0100000,254.1400000,51000
SBER,1,20201201,131300,254.1700000,254.1700000,254.0400000,254.1300000,18960
SBER,1,20201201,131400,254.1400000,254.1400000,254.0500000,254.0700000,9110
SBER,1,20201201,131500,254.0700000,254.1000000,254.0400000,254.0500000,17490
SBER,1,20201201,131600,254.0400000,254.0500000,253.8800000,253.8800000,43140
SBER,1,20201201,131700,253.8700000,253.9000000,253.8500000,253.8700000,32760
SBER,1,20201201,131800,253.8700000,253.8800000,253.8300000,253.8500000,73780
SBER,1,20201201,131900,253.8300000,253.9500000,253.8300000,253.8700000,33380
SBER,1,20201201,132000,253.8400000,254.1600000,253.8200000,254.1300000,60890
SBER,1,20201201,132100,254.1300000,254.2000000,254.1200000,254.1500000,31260
SBER,1,20201201,132200,254.1900000,254.1900000,254.1100000,254.1100000,10630
SBER,1,20201201,132300,254.1000000,254.1300000,254.0800000,254.0800000,11180
SBER,1,20201201,132400,254.1100000,254.1300000,253.9900000,254.1000000,30940
SBER,1,20201201,132500,254.1200000,254.1900000,254.1100000,254.1500000,13560
SBER,1,20201201,132600,254.1600000,254.1900000,254.1300000,254.1300000,7010
SBER,1,20201201,132700,254.1500000,254.1700000,254.1000000,254.1300000,8030
SBER,1,20201201,132800,254.1300000,254.1300000,253.9200000,253.9600000,59580
SBER,1,20201201,132900,253.9600000,254.0000000,253.9200000,253.9500000,21200
SBER,1,20201201,133000,253.9500000,254.0000000,253.9200000,253.9300000,24390
SBER,1,20201201,133100,253.9300000,254.0500000,253.9200000,254.0300000,25810
SBER,1,20201201,133200,254.0200000,254.0600000,254.0100000,254.0200000,11940
SBER,1,20201201,133300,254.0300000,254.0900000,254.0200000,254.0700000,23750
SBER,1,20201201,133400,254.0400000,254.0800000,253.9400000,254.0700000,44720
SBER,1,20201201,133500,254.0100000,254.0600000,253.9000000,254.0500000,167200
SBER,1,20201201,133600,254.0400000,254.0900000,254.0200000,254.0400000,34390
SBER,1,20201201,133700,254.0400000,254.0600000,253.8900000,253.9500000,69050
SBER,1,20201201,133800,253.9400000,254.0200000,253.8400000,253.9100000,40720
SBER,1,20201201,133900,253.9200000,254.0100000,253.9200000,253.9800000,11320
SBER,1,20201201,134000,253.9800000,254.0500000,253.8900000,253.9400000,21060
SBER,1,20201201,134100,253.9000000,253.9300000,253.8800000,253.9100000,13770
SBER,1,20201201,134200,253.8900000,253.9900000,253.8900000,253.9300000,32260
SBER,1,20201201,134300,253.9300000,253.9300000,253.9000000,253.9100000,16200
SBER,1,20201201,134400,253.9200000,254.1000000,253.9100000,254.0600000,148900
SBER,1,20201201,134500,254.0400000,254.1700000,254.0400000,254.1500000,35640
SBER,1,20201201,134600,254.1600000,254.1700000,254.1400000,254.1400000,16880
SBER,1,20201201,134700,254.1500000,254.2300000,254.1100000,254.2300000,41290
SBER,1,20201201,134800,254.2400000,254.2900000,254.2100000,254.2400000,36510
SBER,1,20201201,134900,254.2400000,254.2800000,254.2000000,254.2500000,41840
SBER,1,20201201,135000,254.2500000,254.3600000,254.2500000,254.3300000,70930
SBER,1,20201201,135100,254.3300000,254.5000000,254.3300000,254.5000000,149760
SBER,1,20201201,135200,254.4900000,254.5100000,254.2200000,254.2800000,113480
SBER,1,20201201,135300,254.2900000,254.3500000,254.2000000,254.2000000,55910
SBER,1,20201201,135400,254.2000000,254.2700000,254.2000000,254.2000000,18100
SBER,1,20201201,135500,254.2100000,254.4100000,254.2100000,254.4100000,59420
SBER,1,20201201,135600,254.4100000,254.4900000,254.3900000,254.4200000,38570
SBER,1,20201201,135700,254.4300000,254.4500000,254.3900000,254.4200000,17320
SBER,1,20201201,135800,254.4200000,254.4600000,254.4200000,254.4500000,20310
SBER,1,20201201,135900,254.4300000,254.4400000,254.3100000,254.3500000,31860
SBER,1,20201201,140000,254.3400000,254.4500000,254.1700000,254.3700000,80970
SBER,1,20201201,140100,254.3300000,254.4500000,254.3000000,254.4300000,67330
SBER,1,20201201,140200,254.4500000,254.4800000,254.4000000,254.4500000,15520
SBER,1,20201201,140300,254.4500000,254.4600000,254.2700000,254.3800000,42540
SBER,1,20201201,140400,254.3900000,254.3900000,254.3500000,254.3600000,2660
SBER,1,20201201,140500,254.3600000,254.3700000,254.3200000,254.3200000,4870
SBER,1,20201201,140600,254.3200000,254.3700000,254.3000000,254.3500000,14210
SBER,1,20201201,140700,254.3500000,254.4700000,254.3400000,254.4700000,41560
SBER,1,20201201,140800,254.4700000,254.7100000,254.4400000,254.6600000,772580
SBER,1,20201201,140900,254.6600000,254.6800000,254.5900000,254.6200000,39550
SBER,1,20201201,141000,254.6400000,254.8800000,254.6200000,254.7400000,236330
SBER,1,20201201,141100,254.7400000,254.7900000,254.6100000,254.6400000,263610
SBER,1,20201201,141200,254.6600000,254.7500000,254.6000000,254.6300000,45150
SBER,1,20201201,141300,254.6300000,254.6900000,254.5300000,254.6000000,52640
SBER,1,20201201,141400,254.6100000,254.6100000,254.5100000,254.5100000,30530
SBER,1,20201201,141500,254.5500000,254.5600000,254.5100000,254.5500000,25230
SBER,1,20201201,141600,254.5600000,254.8000000,254.5100000,254.7200000,93020
SBER,1,20201201,141700,254.7500000,254.7800000,254.7000000,254.7300000,24590
SBER,1,20201201,141800,254.7100000,254.7500000,254.6600000,254.7200000,33150
SBER,1,20201201,141900,254.7000000,254.7800000,254.6000000,254.6400000,49840
SBER,1,20201201,142000,254.6100000,254.6400000,254.6000000,254.6000000,7080
SBER,1,20201201,142100,254.6100000,254.6900000,254.5900000,254.6000000,40280
SBER,1,20201201,142200,254.6000000,254.6000000,254.5000000,254.5000000,135360
SBER,1,20201201,142300,254.5100000,254.5500000,254.3000000,254.3000000,204070
SBER,1,20201201,142400,254.3100000,254.4700000,254.3100000,254.4700000,32740
SBER,1,20201201,142500,254.4500000,254.4700000,254.4000000,254.4200000,20110
SBER,1,20201201,142600,254.3900000,254.4000000,254.3500000,254.3600000,19740
SBER,1,20201201,142700,254.3700000,254.4700000,254.3500000,254.3900000,201900
SBER,1,20201201,142800,254.4400000,254.5500000,254.3800000,254.4100000,54210
SBER,1,20201201,142900,254.4100000,254.4600000,254.3300000,254.3300000,40510
SBER,1,20201201,143000,254.3300000,254.4000000,254.3000000,254.4000000,23540
SBER,1,20201201,143100,254.3300000,254.3800000,254.3200000,254.3500000,6600
SBER,1,20201201,143200,254.3800000,254.5300000,254.2500000,254.2600000,113980
SBER,1,20201201,143300,254.2600000,254.3500000,254.2200000,254.3300000,45110
SBER,1,20201201,143400,254.3300000,254.3500000,254.2100000,254.2500000,59380
SBER,1,20201201,143500,254.2500000,254.3700000,254.2300000,254.3600000,48380
SBER,1,20201201,143600,254.3200000,254.5900000,254.3200000,254.5400000,88830
SBER,1,20201201,143700,254.5000000,254.5600000,254.3200000,254.3500000,80170
SBER,1,20201201,143800,254.3300000,254.3600000,254.2200000,254.3200000,63810
SBER,1,20201201,143900,254.3200000,254.4200000,254.2400000,254.4100000,31110
SBER,1,20201201,144000,254.4000000,254.5000000,254.3300000,254.4000000,237220
SBER,1,20201201,144100,254.4100000,254.4900000,254.3800000,254.4900000,42660
SBER,1,20201201,144200,254.5000000,254.5000000,254.4100000,254.4900000,32180
SBER,1,20201201,144300,254.4500000,254.5000000,254.4400000,254.4500000,8760
SBER,1,20201201,144400,254.4800000,254.5000000,254.4600000,254.4600000,8570
SBER,1,20201201,144500,254.4900000,254.4900000,254.3000000,254.3300000,53730
SBER,1,20201201,144600,254.3800000,254.4600000,254.2400000,254.4600000,91740
SBER,1,20201201,144700,254.4300000,254.4600000,254.2400000,254.2600000,31090
SBER,1,20201201,144800,254.2600000,254.3900000,254.2400000,254.3800000,40600
SBER,1,20201201,144900,254.3600000,254.3600000,254.2200000,254.2300000,113220
SBER,1,20201201,145000,254.2400000,254.2800000,254.2300000,254.2300000,4650
SBER,1,20201201,145100,254.2300000,254.3900000,254.2300000,254.3900000,65690
SBER,1,20201201,145200,254.3800000,254.3800000,254.2800000,254.3300000,3950
SBER,1,20201201,145300,254.3300000,254.3400000,254.2400000,254.2900000,26820
SBER,1,20201201,145400,254.3000000,254.4100000,254.2700000,254.3100000,33230
SBER,1,20201201,145500,254.3400000,254.3400000,254.0500000,254.1000000,82670
SBER,1,20201201,145600,254.1100000,254.2900000,254.1100000,254.2300000,16550
SBER,1,20201201,145700,254.2500000,254.2700000,254.1300000,254.2100000,36290
SBER,1,20201201,145800,254.1900000,254.1900000,254.0500000,254.0600000,44190
SBER,1,20201201,145900,254.0500000,254.2200000,253.9100000,254.1600000,219720
SBER,1,20201201,150000,254.1700000,254.2700000,254.1700000,254.2300000,21610
SBER,1,20201201,150100,254.2400000,254.2500000,254.1400000,254.2000000,26590
SBER,1,20201201,150200,254.1900000,254.2500000,254.1300000,254.1700000,26320
SBER,1,20201201,150300,254.1700000,254.1700000,254.0900000,254.0900000,33900
SBER,1,20201201,150400,254.0900000,254.1200000,253.9100000,254.0000000,60410
SBER,1,20201201,150500,254.0000000,254.1100000,253.9500000,253.9700000,40750
SBER,1,20201201,150600,253.9900000,254.0500000,253.9200000,254.0500000,28280
SBER,1,20201201,150700,254.0300000,254.1900000,254.0300000,254.1000000,39160
SBER,1,20201201,150800,254.0900000,254.1200000,254.0000000,254.0900000,18350
SBER,1,20201201,150900,254.0900000,254.0900000,254.0400000,254.0700000,13570
SBER,1,20201201,151000,254.0400000,254.0400000,254.0000000,254.0100000,49560
SBER,1,20201201,151100,254.0100000,254.1000000,254.0000000,254.1000000,47560
SBER,1,20201201,151200,254.0900000,254.1000000,253.9600000,254.0000000,30880
SBER,1,20201201,151300,253.9800000,253.9800000,253.8500000,253.8700000,158560
SBER,1,20201201,151400,253.9000000,254.1000000,253.9000000,253.9600000,59610
SBER,1,20201201,151500,253.9600000,254.0100000,253.9100000,254.0100000,46320
SBER,1,20201201,151600,254.0100000,254.1000000,253.8800000,253.9700000,65700
SBER,1,20201201,151700,253.9600000,254.0900000,253.9600000,254.0500000,36620
SBER,1,20201201,151800,254.0500000,254.1500000,253.6700000,253.7500000,293520
SBER,1,20201201,151900,253.7100000,253.8000000,253.6100000,253.6300000,127660
SBER,1,20201201,152000,253.6300000,253.6600000,253.4500000,253.6600000,438900
SBER,1,20201201,152100,253.6500000,253.7500000,253.5800000,253.6900000,74120
SBER,1,20201201,152200,253.6900000,253.7500000,253.6500000,253.7500000,50970
SBER,1,20201201,152300,253.7500000,253.9100000,253.7200000,253.9100000,127490
SBER,1,20201201,152400,253.8700000,253.9800000,253.8500000,253.9500000,49070
SBER,1,20201201,152500,253.9500000,254.1000000,253.9500000,254.0700000,112940
SBER,1,20201201,152600,254.1000000,254.1000000,254.0200000,254.1000000,49520
SBER,1,20201201,152700,254.0800000,254.2000000,254.0800000,254.1800000,49890
SBER,1,20201201,152800,254.1400000,254.2600000,254.1000000,254.1600000,146080
SBER,1,20201201,152900,254.1500000,254.1500000,254.0500000,254.1000000,17910
SBER,1,20201201,153000,254.0800000,254.1400000,254.0600000,254.1000000,68060
SBER,1,20201201,153100,254.1300000,254.1300000,253.9500000,254.0000000,215290
SBER,1,20201201,153200,254.0000000,254.3500000,254.0000000,254.3400000,225550
SBER,1,20201201,153300,254.3100000,254.4400000,254.2900000,254.4100000,102980
SBER,1,20201201,153400,254.4100000,254.5800000,254.4000000,254.4900000,150750
SBER,1,20201201,153500,254.5000000,254.5400000,254.4600000,254.5000000,124900
SBER,1,20201201,153600,254.5400000,254.7000000,254.5100000,254.5900000,161410
SBER,1,20201201,153700,254.5900000,254.7500000,254.5900000,254.6300000,100200
SBER,1,20201201,153800,254.6400000,254.7500000,254.6400000,254.7200000,61390
SBER,1,20201201,153900,254.7400000,254.9100000,254.6900000,254.7800000,444320
SBER,1,20201201,154000,254.7400000,254.8300000,254.5700000,254.7400000,142170
SBER,1,20201201,154100,254.7300000,254.7400000,254.6300000,254.6800000,58860
SBER,1,20201201,154200,254.7000000,254.7400000,254.5700000,254.5700000,55100
SBER,1,20201201,154300,254.5800000,254.6600000,254.4600000,254.5900000,150680
SBER,1,20201201,154400,254.6200000,254.6600000,254.4100000,254.5200000,93130
SBER,1,20201201,154500,254.5200000,254.5600000,254.3400000,254.5600000,83130
SBER,1,20201201,154600,254.5600000,254.8000000,254.5100000,254.7700000,108650
SBER,1,20201201,154700,254.7700000,254.8100000,254.7200000,254.7500000,65000
SBER,1,20201201,154800,254.8000000,254.8000000,254.6100000,254.7400000,92460
SBER,1,20201201,154900,254.7400000,254.8700000,254.7300000,254.8300000,109150
SBER,1,20201201,155000,254.8300000,254.8700000,254.7700000,254.8700000,77400
SBER,1,20201201,155100,254.8400000,254.9500000,254.6100000,254.6100000,390960
SBER,1,20201201,155200,254.6500000,254.7800000,254.5300000,254.6400000,56210
SBER,1,20201201,155300,254.6400000,254.7500000,254.5100000,254.7100000,88080
SBER,1,20201201,155400,254.7000000,254.8500000,254.6500000,254.8500000,105150
SBER,1,20201201,155500,254.8100000,255.1000000,254.8000000,255.0100000,1347350
SBER,1,20201201,155600,255.0700000,255.0700000,254.6100000,254.7700000,196210
SBER,1,20201201,155700,254.7500000,254.7900000,254.7000000,254.7000000,28910
SBER,1,20201201,155800,254.6900000,254.7300000,254.5000000,254.5600000,141100
SBER,1,20201201,155900,254.5400000,254.7500000,254.4800000,254.6200000,98760
SBER,1,20201201,160000,254.6000000,254.6600000,254.5100000,254.5300000,49740
SBER,1,20201201,160100,254.5300000,254.6600000,254.4800000,254.6300000,70990
SBER,1,20201201,160200,254.6300000,254.6600000,254.3400000,254.5200000,137530
SBER,1,20201201,160300,254.5200000,254.6000000,254.3800000,254.4000000,139120
SBER,1,20201201,160400,254.4400000,254.5000000,254.3400000,254.4900000,156750
SBER,1,20201201,160500,254.4400000,254.6200000,254.4000000,254.6000000,61990
SBER,1,20201201,160600,254.5500000,254.6300000,254.4000000,254.6300000,60070
SBER,1,20201201,160700,254.5500000,254.5700000,254.3400000,254.4400000,165200
SBER,1,20201201,160800,254.4400000,254.5800000,254.3600000,254.5800000,40610
SBER,1,20201201,160900,254.5400000,254.6000000,254.4600000,254.5300000,43430
SBER,1,20201201,161000,254.5400000,254.5700000,254.4000000,254.4200000,88630
SBER,1,20201201,161100,254.4200000,254.5100000,254.3100000,254.4300000,217420
SBER,1,20201201,161200,254.4200000,254.4500000,254.2800000,254.3500000,63590
SBER,1,20201201,161300,254.3500000,254.4900000,254.3000000,254.4900000,153940
SBER,1,20201201,161400,254.4400000,254.4700000,254.3000000,254.4400000,44810
SBER,1,20201201,161500,254.4000000,254.4900000,254.3200000,254.3300000,47900
SBER,1,20201201,161600,254.3300000,254.3500000,254.1000000,254.1700000,191460
SBER,1,20201201,161700,254.2300000,254.3500000,254.1900000,254.3500000,57350
SBER,1,20201201,161800,254.3300000,254.3900000,254.2600000,254.3800000,51010
SBER,1,20201201,161900,254.3400000,254.4200000,254.3400000,254.4200000,54250
SBER,1,20201201,162000,254.3900000,254.6600000,254.3900000,254.6000000,222140
SBER,1,20201201,162100,254.6500000,254.7500000,254.3900000,254.6000000,205100
SBER,1,20201201,162200,254.5600000,254.6500000,254.2500000,254.4200000,92550
SBER,1,20201201,162300,254.3800000,254.5700000,254.3600000,254.4600000,80740
SBER,1,20201201,162400,254.4600000,254.4600000,254.2800000,254.4200000,75450
SBER,1,20201201,162500,254.3800000,254.4400000,254.1400000,254.3800000,161230
SBER,1,20201201,162600,254.3100000,254.3800000,254.1700000,254.3000000,102180
SBER,1,20201201,162700,254.3800000,254.3800000,254.0900000,254.2900000,130590
SBER,1,20201201,162800,254.2500000,254.2500000,254.0000000,254.1300000,95300
SBER,1,20201201,162900,254.1700000,254.2300000,254.0600000,254.0800000,56020
SBER,1,20201201,163000,254.1500000,254.3000000,254.0800000,254.2700000,91980
SBER,1,20201201,163100,254.2600000,254.3500000,254.0400000,254.3000000,77860
SBER,1,20201201,163200,254.3000000,254.3800000,254.1100000,254.2600000,71090
SBER,1,20201201,163300,254.2500000,254.3200000,253.8800000,253.8800000,260730
SBER,1,20201201,163400,253.9200000,254.1200000,253.9000000,254.0700000,97300
SBER,1,20201201,163500,254.0700000,254.3300000,254.0200000,254.2400000,63500
SBER,1,20201201,163600,254.2400000,254.3400000,254.2000000,254.3300000,433730
SBER,1,20201201,163700,254.3500000,254.5200000,254.3400000,254.5200000,150100
SBER,1,20201201,163800,254.5000000,254.5700000,254.5000000,254.5400000,74820
SBER,1,20201201,163900,254.5100000,254.6500000,254.5100000,254.5800000,81860
SBER,1,20201201,164000,254.6300000,254.7500000,254.5800000,254.7000000,143380
SBER,1,20201201,164100,254.7000000,254.7500000,254.6000000,254.6100000,143960
SBER,1,20201201,164200,254.6200000,254.7000000,254.6200000,254.6900000,13520
SBER,1,20201201,164300,254.6700000,254.7500000,254.6700000,254.7100000,69050
SBER,1,20201201,164400,254.7200000,255.7000000,254.7100000,255.6100000,2659750
SBER,1,20201201,164500,255.5700000,255.6500000,254.9000000,255.0000000,629170
SBER,1,20201201,164600,255.0000000,255.4100000,254.9000000,255.1500000,617570
SBER,1,20201201,164700,255.1500000,255.5000000,255.1500000,255.2400000,245180
SBER,1,20201201,164800,255.2400000,255.4300000,255.2300000,255.3000000,206550
SBER,1,20201201,164900,255.3000000,255.4000000,255.2000000,255.2000000,76810
SBER,1,20201201,165000,255.2100000,255.2700000,255.0000000,255.1500000,143470
SBER,1,20201201,165100,255.1800000,255.2000000,254.9000000,254.9500000,129990
SBER,1,20201201,165200,254.9600000,255.0900000,254.9000000,255.0200000,72320
SBER,1,20201201,165300,255.0600000,255.0700000,254.9400000,255.0100000,77970
SBER,1,20201201,165400,255.0100000,255.0900000,255.0100000,255.0700000,38810
SBER,1,20201201,165500,255.0700000,255.0900000,254.9400000,255.0500000,137430
SBER,1,20201201,165600,255.0500000,255.1500000,254.9000000,255.1400000,188980
SBER,1,20201201,165700,255.1500000,255.6400000,255.0000000,255.4000000,708570
SBER,1,20201201,165800,255.3400000,255.5900000,255.3200000,255.5900000,112650
SBER,1,20201201,165900,255.5600000,255.9100000,255.0000000,255.5900000,1292600
SBER,1,20201201,170000,255.5500000,255.7000000,255.4000000,255.6000000,238840
SBER,1,20201201,170100,255.6400000,255.7000000,255.4000000,255.4800000,191800
SBER,1,20201201,170200,255.4200000,255.8800000,255.4100000,255.7800000,427400
SBER,1,20201201,170300,255.7900000,255.7900000,255.4200000,255.5000000,75980
SBER,1,20201201,170400,255.5000000,255.5500000,255.4000000,255.4300000,66320
SBER,1,20201201,170500,255.4500000,255.4500000,255.3000000,255.3000000,74010
SBER,1,20201201,170600,255.2900000,255.3900000,255.2500000,255.3300000,68820
SBER,1,20201201,170700,255.2900000,255.3900000,255.1400000,255.1700000,77430
SBER,1,20201201,170800,255.1700000,255.2800000,255.0700000,255.1300000,93060
SBER,1,20201201,170900,255.1700000,255.2000000,255.1000000,255.1400000,38860
SBER,1,20201201,171000,255.1300000,255.2000000,255.1000000,255.1900000,41360
SBER,1,20201201,171100,255.1600000,255.3700000,255.1500000,255.2900000,104350
SBER,1,20201201,171200,255.2800000,255.4200000,255.1700000,255.2800000,260730
SBER,1,20201201,171300,255.2600000,255.2800000,255.1100000,255.1700000,25070
SBER,1,20201201,171400,255.1600000,255.2300000,254.9800000,254.9800000,211170
SBER,1,20201201,171500,255.0300000,255.0800000,254.9900000,255.0100000,46470
SBER,1,20201201,171600,255.0300000,255.0500000,254.9100000,254.9500000,146550
SBER,1,20201201,171700,254.9400000,255.0400000,254.9100000,255.0100000,67680
SBER,1,20201201,171800,255.0000000,255.0000000,254.9000000,254.9600000,48570
SBER,1,20201201,171900,254.9600000,255.1000000,254.9100000,255.0600000,145250
SBER,1,20201201,172000,255.0700000,255.2800000,254.9200000,254.9300000,106200
SBER,1,20201201,172100,254.9300000,255.0900000,254.9300000,255.0800000,43080
SBER,1,20201201,172200,255.0900000,255.2000000,255.0000000,255.2000000,94860
SBER,1,20201201,172300,255.1900000,255.3000000,255.1400000,255.1400000,71500
SBER,1,20201201,172400,255.1400000,255.1600000,255.0000000,255.1000000,41060
SBER,1,20201201,172500,255.1000000,255.1400000,255.0500000,255.0500000,11030
SBER,1,20201201,172600,255.0500000,255.0700000,255.0000000,255.0600000,111090
SBER,1,20201201,172700,255.0600000,255.1500000,255.0300000,255.1500000,20390
SBER,1,20201201,172800,255.1200000,255.1500000,255.1000000,255.1400000,17310
SBER,1,20201201,172900,255.1500000,255.2900000,255.1500000,255.1700000,62380
SBER,1,20201201,173000,255.1700000,255.2200000,255.1100000,255.2000000,80730
SBER,1,20201201,173100,255.2000000,255.3000000,255.1000000,255.1400000,206310
SBER,1,20201201,173200,255.1700000,255.2200000,255.1000000,255.1400000,52860
SBER,1,20201201,173300,255.1100000,255.1400000,255.0700000,255.1200000,39080
SBER,1,20201201,173400,255.1500000,255.2500000,255.1500000,255.2200000,134740
SBER,1,20201201,173500,255.2100000,255.4000000,255.2000000,255.3200000,472600
SBER,1,20201201,173600,255.3200000,255.7800000,255.3000000,255.5700000,680010
SBER,1,20201201,173700,255.5200000,255.6700000,255.5000000,255.6400000,56710
SBER,1,20201201,173800,255.6400000,255.9000000,255.6200000,255.8100000,613180
SBER,1,20201201,173900,255.8100000,255.8600000,255.6200000,255.8000000,128290
SBER,1,20201201,174000,255.7700000,256.4400000,255.7600000,256.1200000,2041630
SBER,1,20201201,174100,256.1500000,256.4700000,256.0900000,256.4000000,573060
SBER,1,20201201,174200,256.4100000,256.7700000,256.4100000,256.7000000,878540
SBER,1,20201201,174300,256.7000000,257.3800000,256.6700000,256.7600000,1516960
SBER,1,20201201,174400,256.7800000,256.9200000,256.6100000,256.8000000,345010
SBER,1,20201201,174500,256.7500000,256.8100000,256.6800000,256.7400000,108160
SBER,1,20201201,174600,256.7500000,257.0400000,256.7500000,256.8900000,450350
SBER,1,20201201,174700,256.9200000,256.9700000,256.5200000,256.5400000,137660
SBER,1,20201201,174800,256.5400000,256.7000000,256.5100000,256.5200000,100400
SBER,1,20201201,174900,256.5700000,256.7000000,256.5100000,256.6600000,73790
SBER,1,20201201,175000,256.5900000,256.7500000,256.0900000,256.7400000,415210
SBER,1,20201201,175100,256.7400000,256.8500000,256.7400000,256.7700000,58360
SBER,1,20201201,175200,256.7500000,256.9400000,256.7500000,256.7700000,282180
SBER,1,20201201,175300,256.7700000,256.7900000,256.4600000,256.6100000,155430
SBER,1,20201201,175400,256.6100000,256.7200000,256.5300000,256.6900000,59760
SBER,1,20201201,175500,256.6500000,256.7000000,256.6000000,256.6100000,36740
SBER,1,20201201,175600,256.6200000,256.6800000,256.5000000,256.5900000,98370
SBER,1,20201201,175700,256.5900000,256.6200000,256.2600000,256.3500000,144140
SBER,1,20201201,175800,256.3200000,256.3600000,256.2300000,256.2700000,166530
SBER,1,20201201,175900,256.2700000,256.4600000,256.1000000,256.3800000,238370
SBER,1,20201201,180000,256.3700000,256.3900000,256.2500000,256.3000000,144840
SBER,1,20201201,180100,256.3000000,256.6000000,256.3000000,256.5000000,432080
SBER,1,20201201,180200,256.5100000,256.5800000,256.3100000,256.5700000,229010
SBER,1,20201201,180300,256.5700000,256.6900000,256.5300000,256.6900000,231940
SBER,1,20201201,180400,256.6700000,257.1500000,256.6700000,257.1400000,836600
SBER,1,20201201,180500,257.1200000,257.1500000,257.0000000,257.0700000,320450
SBER,1,20201201,180600,257.0500000,257.2000000,256.8400000,257.2000000,500480
SBER,1,20201201,180700,257.1500000,257.3000000,257.0900000,257.1000000,428680
SBER,1,20201201,180800,257.1400000,257.8900000,257.0400000,257.6100000,1909690
SBER,1,20201201,180900,257.6600000,257.9500000,257.4700000,257.5000000,690630
SBER,1,20201201,181000,257.4700000,257.4900000,257.2400000,257.3600000,252140
SBER,1,20201201,181100,257.3200000,257.6400000,257.2500000,257.6300000,586910
SBER,1,20201201,181200,257.6300000,257.8200000,257.5600000,257.8200000,768360
SBER,1,20201201,181300,257.8200000,258.0000000,257.3600000,257.4200000,2232240
SBER,1,20201201,181400,257.4200000,257.4800000,257.1900000,257.3000000,467130
SBER,1,20201201,181500,257.3000000,257.3300000,257.3000000,257.3000000,263660
SBER,1,20201201,181600,257.3000000,257.3400000,257.3000000,257.3000000,351380
SBER,1,20201201,181700,257.3100000,257.3500000,257.3000000,257.3000000,497030
SBER,1,20201201,181800,257.3000000,257.4700000,257.2000000,257.4600000,336840
SBER,1,20201201,181900,257.4400000,257.7200000,257.4400000,257.5800000,471680
SBER,1,20201201,182000,257.5700000,257.6500000,257.5000000,257.5700000,226150
SBER,1,20201201,182100,257.5400000,257.8000000,257.5000000,257.7100000,230640
SBER,1,20201201,182200,257.7100000,258.1700000,257.7000000,258.0600000,1502150
SBER,1,20201201,182300,258.0600000,258.1300000,258.0000000,258.0100000,282860
SBER,1,20201201,182400,258.0300000,258.0800000,257.4100000,257.5300000,673640
SBER,1,20201201,182500,257.4600000,258.1600000,257.4000000,258.1600000,1547970
SBER,1,20201201,182600,258.1500000,258.2800000,258.0000000,258.1200000,603070
SBER,1,20201201,182700,258.1200000,258.1500000,258.0000000,258.0000000,601780
SBER,1,20201201,182800,258.0200000,258.2600000,257.6900000,258.2500000,2009090
SBER,1,20201201,182900,258.2600000,258.6300000,258.0500000,258.5500000,1846090
SBER,1,20201201,183000,258.6000000,258.8900000,258.5000000,258.8600000,1375340
SBER,1,20201201,183100,258.8600000,258.9000000,258.5000000,258.5300000,788780
SBER,1,20201201,183200,258.5300000,258.8900000,258.5000000,258.8900000,1771440
SBER,1,20201201,183300,258.8200000,258.9800000,258.6600000,258.8400000,987230
SBER,1,20201201,183400,258.8400000,259.2700000,258.8100000,259.0000000,1880890
SBER,1,20201201,183500,259.0000000,259.0100000,258.4700000,258.7100000,838830
SBER,1,20201201,183600,258.7400000,258.8800000,258.7000000,258.7100000,1268810
SBER,1,20201201,183700,258.7100000,259.1400000,258.7000000,259.0900000,1324400
SBER,1,20201201,183800,259.1200000,259.1400000,258.8400000,259.0700000,779700
SBER,1,20201201,183900,259.0900000,259.6500000,259.0000000,259.5700000,1481280
SBER,1,20201201,184000,259.5600000,259.6900000,259.5000000,259.5000000,1381800
SBER,1,20201201,184600,259.7600000,259.7600000,259.7600000,259.7600000,3255250
SBER,1,20201201,184700,259.7600000,259.7600000,259.7600000,259.7600000,62380
SBER,1,20201201,184800,259.7600000,259.7600000,259.7600000,259.7600000,81600
SBER,1,20201201,184900,259.7600000,259.7600000,259.7600000,259.7600000,88820
SBER,1,20201201,185000,259.7600000,259.7600000,259.7600000,259.7600000,34480
SBER,1,20201201,190500,259.7400000,259.7400000,259.7400000,259.7400000,15010
SBER,1,20201201,190600,259.6200000,259.9500000,259.5000000,259.5600000,239330
SBER,1,20201201,190700,259.5900000,259.7600000,259.4100000,259.5000000,113350
SBER,1,20201201,190800,259.4700000,259.5300000,259.2300000,259.3500000,131550
SBER,1,20201201,190900,259.3300000,259.3500000,259.1200000,259.1600000,169290
SBER,1,20201201,191000,259.1600000,259.1800000,258.8500000,258.8500000,274970
SBER,1,20201201,191100,258.9400000,259.0000000,258.8300000,259.0000000,67890
SBER,1,20201201,191200,259.0000000,259.0800000,258.8100000,258.9500000,105100
SBER,1,20201201,191300,258.9700000,259.4200000,258.9300000,259.3700000,103500
SBER,1,20201201,191400,259.3700000,259.4300000,259.2700000,259.4200000,31110
SBER,1,20201201,191500,259.4200000,259.4900000,259.2800000,259.4900000,54390
SBER,1,20201201,191600,259.4600000,259.7500000,259.4600000,259.6600000,93320
SBER,1,20201201,191700,259.6600000,259.7900000,259.6500000,259.6900000,34130
SBER,1,20201201,191800,259.7100000,260.0000000,259.6900000,259.9900000,236050
SBER,1,20201201,191900,260.0000000,260.0000000,259.9000000,259.9600000,137660
SBER,1,20201201,192000,259.9300000,260.1000000,259.9000000,260.0900000,282940
SBER,1,20201201,192100,260.0900000,260.6000000,260.0900000,260.3500000,349180
SBER,1,20201201,192200,260.3800000,260.4000000,260.0000000,260.2000000,205360
SBER,1,20201201,192300,260.2000000,260.2000000,260.1000000,260.1900000,37740
SBER,1,20201201,192400,260.1400000,260.2000000,260.1000000,260.1200000,56310
SBER,1,20201201,192500,260.1500000,260.5700000,260.1000000,260.5700000,194320
SBER,1,20201201,192600,260.5700000,260.7000000,260.4000000,260.4600000,196590
SBER,1,20201201,192700,260.4900000,260.6000000,260.2800000,260.3900000,113910
SBER,1,20201201,192800,260.3900000,260.4500000,260.2400000,260.3700000,88630
SBER,1,20201201,192900,260.3700000,260.6200000,260.3500000,260.6100000,105170
SBER,1,20201201,193000,260.5400000,260.6900000,260.4000000,260.5200000,319160
SBER,1,20201201,193100,260.5000000,260.7000000,260.4400000,260.5000000,88490
SBER,1,20201201,193200,260.5200000,260.6000000,260.4500000,260.5300000,51390
SBER,1,20201201,193300,260.5600000,260.6000000,260.5300000,260.6000000,55810
SBER,1,20201201,193400,260.6000000,260.7500000,260.5300000,260.6600000,167260
SBER,1,20201201,193500,260.6000000,260.7300000,260.5800000,260.6000000,58890
SBER,1,20201201,193600,260.6000000,260.7000000,260.5800000,260.6300000,175830
SBER,1,20201201,193700,260.6400000,260.7200000,260.6000000,260.6100000,51180
SBER,1,20201201,193800,260.6100000,260.7000000,260.5000000,260.5200000,130880
SBER,1,20201201,193900,260.5100000,260.5700000,260.3500000,260.3500000,93480
SBER,1,20201201,194000,260.3500000,260.3500000,260.2500000,260.2700000,43620
SBER,1,20201201,194100,260.3000000,260.3400000,260.1500000,260.1800000,108530
SBER,1,20201201,194200,260.2000000,260.3400000,260.1600000,260.3000000,51050
SBER,1,20201201,194300,260.2800000,260.3000000,260.1500000,260.1600000,28920
SBER,1,20201201,194400,260.2000000,260.2000000,260.1200000,260.1200000,15470
SBER,1,20201201,194500,260.1500000,260.1600000,260.1000000,260.1000000,37180
SBER,1,20201201,194600,260.1100000,260.1400000,260.1000000,260.1100000,66840
SBER,1,20201201,194700,260.1000000,260.1100000,260.0000000,260.0000000,127140
SBER,1,20201201,194800,260.0000000,260.0100000,259.8000000,259.8000000,126980
SBER,1,20201201,194900,259.8000000,259.8000000,259.5500000,259.5800000,228870
SBER,1,20201201,195000,259.5500000,259.6600000,259.5500000,259.5800000,47340
SBER,1,20201201,195100,259.6100000,259.9600000,259.6000000,259.8400000,98610
SBER,1,20201201,195200,259.8400000,260.1600000,259.8400000,260.0400000,146830
SBER,1,20201201,195300,260.0100000,260.0800000,259.9000000,259.9000000,16500
SBER,1,20201201,195400,259.9200000,259.9700000,259.9000000,259.9000000,10140
SBER,1,20201201,195500,259.9000000,260.0000000,259.8500000,259.9300000,37790
SBER,1,20201201,195600,259.8800000,259.9300000,259.7900000,259.8600000,15390
SBER,1,20201201,195700,259.8600000,259.9000000,259.8200000,259.8200000,5340
SBER,1,20201201,195800,259.8200000,259.8700000,259.7500000,259.8300000,51870
SBER,1,20201201,195900,259.8300000,259.9000000,259.8100000,259.9000000,33690
SBER,1,20201201,200000,259.9200000,260.0000000,259.9000000,260.0000000,12500
SBER,1,20201201,200100,260.0000000,260.0000000,259.9200000,259.9500000,23380
SBER,1,20201201,200200,259.9500000,260.0300000,259.9500000,260.0000000,22780
SBER,1,20201201,200300,260.0000000,260.0400000,259.9500000,260.0300000,45630
SBER,1,20201201,200400,259.9600000,260.0400000,259.9600000,260.0200000,49060
SBER,1,20201201,200500,260.0000000,260.0400000,260.0000000,260.0000000,82500
SBER,1,20201201,200600,260.0200000,260.0400000,260.0100000,260.0400000,6290
SBER,1,20201201,200700,260.0200000,260.0400000,260.0100000,260.0200000,5110
SBER,1,20201201,200800,260.0200000,260.0500000,260.0100000,260.0100000,24240
SBER,1,20201201,200900,260.0500000,260.0600000,260.0100000,260.0500000,17010
SBER,1,20201201,201000,260.0600000,260.1000000,260.0200000,260.0800000,30440
SBER,1,20201201,201100,260.0500000,260.1300000,260.0200000,260.0800000,26820
SBER,1,20201201,201200,260.0800000,260.1100000,260.0200000,260.1100000,14850
SBER,1,20201201,201300,260.1000000,260.1000000,260.0400000,260.0500000,4300
SBER,1,20201201,201400,260.0500000,260.2500000,260.0000000,260.1300000,160380
SBER,1,20201201,201500,260.1600000,260.2000000,260.1000000,260.1000000,20610
SBER,1,20201201,201600,260.1100000,260.2500000,260.1000000,260.1200000,24190
SBER,1,20201201,201700,260.1200000,260.1900000,260.1200000,260.1900000,22020
SBER,1,20201201,201800,260.2000000,260.5000000,260.1700000,260.4500000,102000
SBER,1,20201201,201900,260.4400000,260.5000000,260.2600000,260.2600000,42150
SBER,1,20201201,202000,260.2600000,260.4500000,260.2600000,260.4500000,35910
SBER,1,20201201,202100,260.3700000,260.4100000,260.3000000,260.3300000,12600
SBER,1,20201201,202200,260.3000000,260.3800000,260.0600000,260.0600000,89000
SBER,1,20201201,202300,260.1100000,260.2000000,260.0600000,260.1100000,17180
SBER,1,20201201,202400,260.1100000,260.1600000,260.0000000,260.0000000,65010
SBER,1,20201201,202500,260.0400000,260.0800000,260.0000000,260.0500000,56200
SBER,1,20201201,202600,260.0500000,260.0600000,260.0300000,260.0600000,4410
SBER,1,20201201,202700,260.0600000,260.0600000,260.0100000,260.0100000,26530
SBER,1,20201201,202800,260.0100000,260.0600000,260.0100000,260.0400000,2570
SBER,1,20201201,202900,260.0400000,260.0400000,260.0000000,260.0000000,96800
SBER,1,20201201,203000,260.0100000,260.0200000,260.0000000,260.0000000,6470
SBER,1,20201201,203100,260.0100000,260.0200000,260.0000000,260.0000000,26360
SBER,1,20201201,203200,260.0100000,260.0700000,260.0000000,260.0400000,30830
SBER,1,20201201,203300,260.0600000,260.1100000,260.0400000,260.1000000,12360
SBER,1,20201201,203400,260.1100000,260.2000000,260.1000000,260.1600000,16060
SBER,1,20201201,203500,260.1600000,260.2700000,260.1100000,260.2100000,16580
SBER,1,20201201,203600,260.2300000,260.3100000,260.2100000,260.3000000,12990
SBER,1,20201201,203700,260.2700000,260.3300000,260.2400000,260.2800000,8160
SBER,1,20201201,203800,260.2800000,260.3200000,260.2200000,260.2600000,7860
SBER,1,20201201,203900,260.2600000,260.3200000,260.2200000,260.2700000,10230
SBER,1,20201201,204000,260.3000000,260.4000000,260.2600000,260.4000000,54450
SBER,1,20201201,204100,260.3900000,260.4400000,260.3200000,260.3900000,26380
SBER,1,20201201,204200,260.3800000,260.3900000,260.3000000,260.3100000,29630
SBER,1,20201201,204300,260.3100000,260.4300000,260.3000000,260.3500000,65150
SBER,1,20201201,204400,260.3600000,260.3900000,260.3500000,260.3900000,7590
SBER,1,20201201,204500,260.3900000,260.4800000,260.3500000,260.3700000,70090
SBER,1,20201201,204600,260.3800000,260.4300000,260.3600000,260.3600000,8240
SBER,1,20201201,204700,260.3600000,260.4000000,260.3600000,260.3700000,4220
SBER,1,20201201,204800,260.4000000,260.4000000,260.3700000,260.3700000,3140
SBER,1,20201201,204900,260.3700000,260.4100000,260.3600000,260.3800000,6080
SBER,1,20201201,205000,260.3700000,260.4000000,260.3700000,260.4000000,1870
SBER,1,20201201,205100,260.3900000,260.4000000,260.3800000,260.3800000,8410
SBER,1,20201201,205200,260.3900000,260.4400000,260.3800000,260.4300000,9410
SBER,1,20201201,205300,260.4100000,260.4300000,260.3800000,260.4000000,27420
SBER,1,20201201,205400,260.4100000,260.4400000,260.3800000,260.4400000,3410
SBER,1,20201201,205500,260.4200000,260.5000000,260.4200000,260.5000000,79460
SBER,1,20201201,205600,260.4600000,260.5000000,260.4600000,260.5000000,47910
SBER,1,20201201,205700,260.4900000,260.5000000,260.4700000,260.4700000,21040
SBER,1,20201201,205800,260.4900000,260.5100000,260.4700000,260.5100000,12420
SBER,1,20201201,205900,260.5000000,260.5100000,260.4000000,260.4300000,73570
SBER,1,20201201,210000,260.4000000,260.4300000,260.3800000,260.3900000,20300
SBER,1,20201201,210100,260.3600000,260.4100000,260.3600000,260.3900000,4060
SBER,1,20201201,210200,260.3900000,260.4300000,260.3500000,260.4300000,4940
SBER,1,20201201,210300,260.3700000,260.4300000,260.3000000,260.3100000,51270
SBER,1,20201201,210400,260.3100000,260.3400000,260.3000000,260.3100000,6680
SBER,1,20201201,210500,260.3000000,260.3300000,260.3000000,260.3000000,8450
SBER,1,20201201,210600,260.3300000,260.3400000,260.3000000,260.3400000,6920
SBER,1,20201201,210700,260.3300000,260.4000000,260.3100000,260.4000000,5300
SBER,1,20201201,210800,260.3500000,260.4200000,260.3400000,260.4000000,5750
SBER,1,20201201,210900,260.4200000,260.4200000,260.3400000,260.4000000,21210
SBER,1,20201201,211000,260.3400000,260.3800000,260.3200000,260.3800000,14400
SBER,1,20201201,211100,260.3700000,260.3700000,260.3000000,260.3000000,93810
SBER,1,20201201,211200,260.3000000,260.3100000,260.3000000,260.3000000,9010
SBER,1,20201201,211300,260.3100000,260.3100000,260.3000000,260.3100000,8950
SBER,1,20201201,211400,260.3000000,260.3100000,260.2800000,260.2800000,59090
SBER,1,20201201,211500,260.3100000,260.3100000,260.2600000,260.2700000,8820
SBER,1,20201201,211600,260.2600000,260.2800000,260.1400000,260.1700000,67420
SBER,1,20201201,211700,260.1700000,260.1800000,260.0500000,260.0600000,56470
SBER,1,20201201,211800,260.0600000,260.1200000,260.0400000,260.1000000,40120
SBER,1,20201201,211900,260.0600000,260.0900000,260.0100000,260.0500000,8840
SBER,1,20201201,212000,260.0500000,260.1500000,260.0500000,260.1000000,8580
SBER,1,20201201,212100,260.0900000,260.1000000,260.0500000,260.0500000,12530
SBER,1,20201201,212200,260.0700000,260.1500000,260.0700000,260.1000000,19990
SBER,1,20201201,212300,260.1100000,260.1700000,260.1100000,260.1700000,15680
SBER,1,20201201,212400,260.1100000,260.1600000,260.1000000,260.1000000,13980
SBER,1,20201201,212500,260.1100000,260.1100000,260.0500000,260.0500000,16320
SBER,1,20201201,212600,260.0500000,260.1000000,260.0500000,260.0500000,8440
SBER,1,20201201,212700,260.0500000,260.1200000,260.0100000,260.1000000,56000
SBER,1,20201201,212800,260.1000000,260.1500000,260.0800000,260.0900000,6770
SBER,1,20201201,212900,260.0800000,260.1700000,260.0500000,260.0800000,21680
SBER,1,20201201,213000,260.0800000,260.1700000,260.0800000,260.1700000,15660
SBER,1,20201201,213100,260.1700000,260.1900000,260.1000000,260.1600000,8660
SBER,1,20201201,213200,260.1600000,260.1800000,260.0800000,260.1200000,4530
SBER,1,20201201,213300,260.1200000,260.1600000,260.0800000,260.0900000,11490
SBER,1,20201201,213400,260.1200000,260.1500000,260.0900000,260.1200000,1550
SBER,1,20201201,213500,260.1200000,260.1500000,260.0900000,260.0900000,6070
SBER,1,20201201,213600,260.1000000,260.1700000,260.0900000,260.1700000,6310
SBER,1,20201201,213700,260.1700000,260.1700000,260.1000000,260.1000000,1760
SBER,1,20201201,213800,260.1000000,260.1500000,260.1000000,260.1200000,9150
SBER,1,20201201,213900,260.1200000,260.1300000,260.1000000,260.1000000,1510
SBER,1,20201201,214000,260.1000000,260.1300000,260.1000000,260.1200000,15760
SBER,1,20201201,214100,260.1300000,260.1600000,260.0500000,260.1000000,30670
SBER,1,20201201,214200,260.1000000,260.1600000,260.0400000,260.1000000,19130
SBER,1,20201201,214300,260.1000000,260.1600000,260.0800000,260.1600000,8670
SBER,1,20201201,214400,260.1500000,260.1600000,260.1000000,260.1500000,5120
SBER,1,20201201,214500,260.1500000,260.1600000,260.1000000,260.1500000,19000
SBER,1,20201201,214600,260.1500000,260.2000000,260.1000000,260.1800000,20450
SBER,1,20201201,214700,260.1200000,260.1900000,260.1100000,260.1200000,8650
SBER,1,20201201,214800,260.1200000,260.2100000,260.1200000,260.1700000,35140
SBER,1,20201201,214900,260.1700000,260.2500000,260.1600000,260.1900000,78850
SBER,1,20201201,215000,260.2200000,260.2600000,260.1900000,260.2000000,19960
SBER,1,20201201,215100,260.2000000,260.2600000,260.2000000,260.2200000,26830
SBER,1,20201201,215200,260.2000000,260.3000000,260.2000000,260.2300000,18250
SBER,1,20201201,215300,260.3000000,260.3000000,260.2300000,260.2300000,16120
SBER,1,20201201,215400,260.2900000,260.2900000,260.1900000,260.1900000,6820
SBER,1,20201201,215500,260.2000000,260.2200000,260.1400000,260.1600000,2230
SBER,1,20201201,215600,260.1600000,260.1900000,260.1400000,260.1700000,5080
SBER,1,20201201,215700,260.1700000,260.1900000,260.1600000,260.1800000,14990
SBER,1,20201201,215800,260.1900000,260.2500000,260.1700000,260.2500000,5110
SBER,1,20201201,215900,260.2100000,260.2900000,260.2100000,260.2400000,5320
SBER,1,20201201,220000,260.2400000,260.3000000,260.2000000,260.3000000,36530
SBER,1,20201201,220100,260.2800000,260.2900000,260.1500000,260.1500000,5550
SBER,1,20201201,220200,260.2100000,260.2100000,260.1500000,260.1500000,8780
SBER,1,20201201,220300,260.1900000,260.2200000,260.1500000,260.2100000,11200
SBER,1,20201201,220400,260.1600000,260.2100000,260.1600000,260.2100000,6750
SBER,1,20201201,220500,260.1600000,260.2400000,260.1600000,260.2400000,6120
SBER,1,20201201,220600,260.1700000,260.2200000,260.1600000,260.2000000,6970
SBER,1,20201201,220700,260.2000000,260.3000000,260.2000000,260.2500000,30910
SBER,1,20201201,220800,260.2500000,260.2900000,260.2000000,260.2800000,8060
SBER,1,20201201,220900,260.2800000,260.3300000,260.2300000,260.3000000,9290
SBER,1,20201201,221000,260.3000000,260.3200000,260.2700000,260.2800000,7360
SBER,1,20201201,221100,260.2900000,260.3500000,260.2800000,260.3300000,9370
SBER,1,20201201,221200,260.3000000,260.3300000,260.2300000,260.2300000,8650
SBER,1,20201201,221300,260.2300000,260.3200000,260.2100000,260.3200000,12080
SBER,1,20201201,221400,260.2500000,260.3200000,260.2300000,260.2500000,3750
SBER,1,20201201,221500,260.2500000,260.2900000,260.2300000,260.2500000,3750
SBER,1,20201201,221600,260.2500000,260.3300000,260.2500000,260.3000000,7600
SBER,1,20201201,221700,260.3200000,260.3500000,260.2600000,260.3300000,26840
SBER,1,20201201,221800,260.3500000,260.3500000,260.2500000,260.2600000,19170
SBER,1,20201201,221900,260.2600000,260.3000000,260.2600000,260.3000000,4090
SBER,1,20201201,222000,260.2600000,260.3200000,260.2600000,260.3200000,5040
SBER,1,20201201,222100,260.3000000,260.3300000,260.2600000,260.3000000,14850
SBER,1,20201201,222200,260.3200000,260.3300000,260.2600000,260.3100000,12540
SBER,1,20201201,222300,260.3100000,260.3100000,260.2600000,260.3000000,16580
SBER,1,20201201,222400,260.3100000,260.3400000,260.3000000,260.3400000,32830
SBER,1,20201201,222500,260.2600000,260.3000000,260.2600000,260.3000000,2670
SBER,1,20201201,222600,260.2700000,260.3000000,260.2700000,260.2800000,4200
SBER,1,20201201,222700,260.2900000,260.3600000,260.2900000,260.3600000,35270
SBER,1,20201201,222800,260.3400000,260.3800000,260.3000000,260.3600000,56050
SBER,1,20201201,222900,260.3600000,260.4000000,260.3600000,260.4000000,22420
SBER,1,20201201,223000,260.4000000,260.4500000,260.4000000,260.4500000,18060
SBER,1,20201201,223100,260.4500000,260.5700000,260.4200000,260.5600000,139820
SBER,1,20201201,223200,260.5600000,260.6000000,260.5300000,260.5300000,14470
SBER,1,20201201,223300,260.5300000,260.5700000,260.5300000,260.5400000,9310
SBER,1,20201201,223400,260.5400000,260.5500000,260.5000000,260.5000000,19760
SBER,1,20201201,223500,260.5100000,260.5100000,260.4100000,260.5000000,27760
SBER,1,20201201,223600,260.5100000,260.5300000,260.5000000,260.5000000,3040
SBER,1,20201201,223700,260.5100000,260.5200000,260.4000000,260.4800000,20240
SBER,1,20201201,223800,260.4500000,260.5400000,260.4500000,260.5000000,19490
SBER,1,20201201,223900,260.5000000,260.5300000,260.4700000,260.4700000,13770
SBER,1,20201201,224000,260.5000000,260.5300000,260.4700000,260.5200000,3120
SBER,1,20201201,224100,260.5000000,260.5500000,260.4500000,260.5400000,16070
SBER,1,20201201,224200,260.5300000,260.6700000,260.5200000,260.5800000,73420
SBER,1,20201201,224300,260.6100000,260.7000000,260.6100000,260.7000000,55090
SBER,1,20201201,224400,260.6800000,260.7700000,260.6800000,260.7300000,69220
SBER,1,20201201,224500,260.7000000,260.8000000,260.6900000,260.7900000,40610
SBER,1,20201201,224600,260.8000000,260.9000000,260.7900000,260.8300000,75520
SBER,1,20201201,224700,260.8700000,260.9200000,260.8300000,260.8400000,55970
SBER,1,20201201,224800,260.8400000,260.9600000,260.8300000,260.8700000,45340
SBER,1,20201201,224900,260.8800000,260.9900000,260.8800000,260.9700000,84600
SBER,1,20201201,225000,260.9700000,260.9900000,260.8600000,260.9000000,44010
SBER,1,20201201,225100,260.9000000,260.9500000,260.8400000,260.9300000,9870
SBER,1,20201201,225200,260.8400000,260.9000000,260.8400000,260.8900000,5880
SBER,1,20201201,225300,260.8900000,260.8900000,260.8300000,260.8300000,13680
SBER,1,20201201,225400,260.8300000,260.8500000,260.7300000,260.7400000,19630
SBER,1,20201201,225500,260.7300000,260.7300000,260.6400000,260.6800000,56070
SBER,1,20201201,225600,260.6800000,260.6800000,260.5000000,260.6000000,66030
SBER,1,20201201,225700,260.6000000,260.7000000,260.5800000,260.7000000,6670
SBER,1,20201201,225800,260.6500000,260.7000000,260.5700000,260.5700000,12750
SBER,1,20201201,225900,260.5500000,260.6600000,260.5500000,260.5600000,10560
SBER,1,20201201,230000,260.5600000,260.5600000,260.4800000,260.4900000,83500
SBER,1,20201201,230100,260.4900000,260.5600000,260.4800000,260.4900000,26430
SBER,1,20201201,230200,260.4800000,260.4900000,260.4600000,260.4700000,15990
SBER,1,20201201,230300,260.4700000,260.5000000,260.4500000,260.4800000,24730
SBER,1,20201201,230400,260.4600000,260.5000000,260.4600000,260.4600000,3410
SBER,1,20201201,230500,260.4600000,260.5000000,260.4500000,260.4900000,7520
SBER,1,20201201,230600,260.4800000,260.4900000,260.4500000,260.4500000,4910
SBER,1,20201201,230700,260.4500000,260.4500000,260.3800000,260.4500000,75150
SBER,1,20201201,230800,260.4500000,260.4500000,260.3100000,260.3100000,19370
SBER,1,20201201,230900,260.3200000,260.3500000,260.1200000,260.1300000,133770
SBER,1,20201201,231000,260.1300000,260.2500000,260.1000000,260.2500000,42080
SBER,1,20201201,231100,260.2300000,260.3000000,260.1200000,260.1500000,28790
SBER,1,20201201,231200,260.1200000,260.2300000,260.1200000,260.1400000,9930
SBER,1,20201201,231300,260.2000000,260.3400000,260.1500000,260.3300000,27960
SBER,1,20201201,231400,260.2300000,260.2900000,260.1900000,260.2000000,5830
SBER,1,20201201,231500,260.2000000,260.2500000,260.1700000,260.2500000,11800
SBER,1,20201201,231600,260.2900000,260.3800000,260.2000000,260.3500000,108930
SBER,1,20201201,231700,260.3500000,260.3700000,260.3000000,260.3300000,5430
SBER,1,20201201,231800,260.3000000,260.3200000,260.1900000,260.2100000,27360
SBER,1,20201201,231900,260.2100000,260.2900000,260.1500000,260.2900000,8200
SBER,1,20201201,232000,260.2300000,260.2600000,260.2200000,260.2200000,18530
SBER,1,20201201,232100,260.2200000,260.2700000,260.2000000,260.2000000,124810
SBER,1,20201201,232200,260.2000000,260.2000000,260.1500000,260.2000000,7530
SBER,1,20201201,232300,260.2000000,260.2000000,260.1600000,260.2000000,31560
SBER,1,20201201,232400,260.2000000,260.2300000,260.1700000,260.2300000,13700
SBER,1,20201201,232500,260.2500000,260.4700000,260.2500000,260.3000000,50130
SBER,1,20201201,232600,260.3000000,260.3900000,260.2800000,260.3200000,3270
SBER,1,20201201,232700,260.3200000,260.3900000,260.3100000,260.3500000,4470
SBER,1,20201201,232800,260.3400000,260.6000000,260.3400000,260.5000000,58900
SBER,1,20201201,232900,260.4600000,260.6800000,260.4600000,260.5400000,11760
SBER,1,20201201,233000,260.6100000,260.6500000,260.5300000,260.6400000,8310
SBER,1,20201201,233100,260.6400000,260.6700000,260.6400000,260.6400000,8720
SBER,1,20201201,233200,260.6400000,260.7000000,260.6200000,260.6600000,20200
SBER,1,20201201,233300,260.6200000,260.6700000,260.4300000,260.5700000,42640
SBER,1,20201201,233400,260.5500000,260.6000000,260.5200000,260.6000000,5880
SBER,1,20201201,233500,260.6000000,260.6000000,260.5300000,260.6000000,7080
SBER,1,20201201,233600,260.6000000,260.6000000,260.5500000,260.5500000,5490
SBER,1,20201201,233700,260.5500000,260.5900000,260.5400000,260.5400000,28160
SBER,1,20201201,233800,260.5400000,260.6000000,260.5400000,260.5600000,6910
SBER,1,20201201,233900,260.6000000,260.6500000,260.5500000,260.6000000,6420
SBER,1,20201201,234000,260.5700000,260.7000000,260.5500000,260.6800000,51070
SBER,1,20201201,234100,260.6800000,260.7500000,260.6800000,260.7000000,20770
SBER,1,20201201,234200,260.7000000,260.8000000,260.7000000,260.7600000,27960
SBER,1,20201201,234300,260.7600000,260.7600000,260.4100000,260.5100000,73810
SBER,1,20201201,234400,260.5000000,260.6600000,260.5000000,260.6600000,15760
SBER,1,20201201,234500,260.6700000,260.7700000,260.6300000,260.7500000,11880
SBER,1,20201201,234600,260.7000000,260.7900000,260.7000000,260.7200000,24930
SBER,1,20201201,234700,260.7100000,260.7400000,260.6300000,260.7000000,8610
SBER,1,20201201,234800,260.6600000,260.7400000,260.6300000,260.6400000,28740
SBER,1,20201201,234900,260.7000000,260.7500000,260.6300000,260.7000000,27290
SBER,1,20201201,235000,260.7400000,260.9000000,260.6900000,260.8100000,201700
